from_dt,to_dt,from_city,from_gender,from_name,from_number,to_city,to_gender,to_name,to_number
2019-01-01T00:37,2019-01-01T00:44,Pattaya,Woman,Aleena,114-397-2007,Pattaya,Woman,Antonella,325-453-5419
2019-01-01T00:54,2019-01-01T01:05,Pattaya,Man,Jaziel,956-780-1788,Kanchanaburi,Man,Gabriel,469-505-9894
2019-01-01T01:01,2019-01-01T01:07,Hua Hin,Woman,Nayeli,320-480-8313,Kanchanaburi,Woman,Freya,587-595-9477
2019-01-01T01:27,2019-01-01T01:41,Bangkok,Man,Javier,655-683-6284,Chiang Mai,Man,Dalton,340-374-5681
2019-01-01T01:48,2019-01-01T01:54,Pattaya,Woman,Everleigh,610-164-4540,Bangkok,Woman,Oakley,574-752-8471
2019-01-01T02:18,2019-01-01T02:28,Chiang Mai,Man,Emmet,215-530-3993,Kanchanaburi,Man,Kareem,974-369-1496
2019-01-01T02:32,2019-01-01T02:41,Pattaya,Man,Henry,620-121-3009,Bangkok,Man,Micah,381-284-2790
2019-01-01T02:40,2019-01-01T02:54,Kanchanaburi,Woman,Lina,448-273-3382,Chiang Mai,Man,Beckham,370-171-4490
2019-01-01T03:40,2019-01-01T03:51,Pattaya,Woman,Alani,183-225-1764,Chiang Mai,Woman,Zaniyah,443-995-7423
2019-01-01T06:04,2019-01-01T06:06,Chiang Mai,Woman,Cassidy,959-149-3497,Bangkok,Man,Enrique,923-682-3283
2019-01-01T06:11,2019-01-01T06:18,Hua Hin,Man,Tadeo,572-552-2898,Chiang Mai,Woman,Gia,531-143-1961
2019-01-01T06:17,2019-01-01T06:21,Hua Hin,Man,Jayceon,108-826-6422,Pattaya,Woman,Jaelyn,283-837-9288
2019-01-01T06:42,2019-01-01T06:47,Hua Hin,Woman,Emerald,315-757-4272,Chiang Mai,Woman,Alivia,295-527-4914
2019-01-01T07:05,2019-01-01T07:09,Kanchanaburi,Man,Alistair,341-910-6735,Hua Hin,Man,Kaleb,366-100-9549
2019-01-01T07:34,2019-01-01T07:42,Bangkok,Man,Clark,655-643-2815,Chiang Mai,Man,Major,805-931-1585
2019-01-01T08:49,2019-01-01T08:56,Pattaya,Man,Dominick,291-616-9899,Pattaya,Woman,Kenna,871-427-1228
2019-01-01T09:18,2019-01-01T09:23,Bangkok,Woman,Aileen,413-665-7064,Pattaya,Woman,Brooklyn,508-151-5830
2019-01-01T09:39,2019-01-01T09:49,Hua Hin,Man,Manuel,523-347-6054,Bangkok,Man,Tobias,252-753-3307
2019-01-01T09:57,2019-01-01T10:06,Hua Hin,Woman,Avalyn,656-507-8932,Hua Hin,Man,Harlan,865-375-6184
2019-01-01T10:13,2019-01-01T10:16,Bangkok,Woman,Vivian,377-725-3031,Bangkok,Man,Anton,575-493-3843
2019-01-01T10:54,2019-01-01T11:01,Hua Hin,Man,Kamden,529-740-3174,Hua Hin,Man,Tadeo,572-552-2898
2019-01-01T11:03,2019-01-01T11:16,Bangkok,Man,Cullen,195-502-9079,Pattaya,Woman,Madeleine,682-362-4922
2019-01-01T11:11,2019-01-01T11:17,Pattaya,Woman,Elora,429-712-6509,Chiang Mai,Woman,Cynthia,295-651-5686
2019-01-01T11:16,2019-01-01T11:23,Chiang Mai,Woman,Carly,533-662-3766,Bangkok,Man,Alvin,972-941-9274
2019-01-01T11:30,2019-01-01T11:35,Hua Hin,Woman,Opal,157-146-3877,Hua Hin,Woman,Raina,558-625-6840
2019-01-01T12:21,2019-01-01T12:27,Bangkok,Man,Hector,379-743-4713,Chiang Mai,Woman,Edith,618-508-5166
2019-01-01T12:32,2019-01-01T12:37,Hua Hin,Woman,Jayde,669-738-8380,Kanchanaburi,Woman,Nicole,876-899-3858
2019-01-01T14:01,2019-01-01T14:14,Hua Hin,Man,Brycen,465-307-3286,Chiang Mai,Man,Franklin,985-582-4669
2019-01-01T14:48,2019-01-01T15:01,Hua Hin,Man,Zayn,772-493-2203,Chiang Mai,Man,Nathaniel,421-826-6076
2019-01-01T14:50,2019-01-01T14:58,Kanchanaburi,Woman,Ensley,590-895-9818,Pattaya,Woman,Samira,903-947-5594
2019-01-01T15:01,2019-01-01T15:10,Pattaya,Woman,Kassandra,968-703-5330,Chiang Mai,Man,Gerald,894-872-8835
2019-01-01T15:57,2019-01-01T16:09,Kanchanaburi,Man,Jerry,129-232-8725,Chiang Mai,Woman,Judith,954-263-2283
2019-01-01T16:16,2019-01-01T16:25,Kanchanaburi,Man,Harry,582-290-9329,Hua Hin,Woman,Parker,760-564-6793
2019-01-01T18:23,2019-01-01T18:28,Chiang Mai,Man,Nathaniel,421-826-6076,Kanchanaburi,Woman,Helena,254-270-1691
2019-01-01T18:37,2019-01-01T18:37,Chiang Mai,Woman,Kailey,595-404-3607,Pattaya,Woman,Louisa,470-989-2102
2019-01-01T19:31,2019-01-01T19:45,Pattaya,Woman,Bridget,907-713-6249,Pattaya,Woman,Hadleigh,421-369-5523
2019-01-01T19:32,2019-01-01T19:39,Kanchanaburi,Woman,Kinsley,403-726-6587,Pattaya,Woman,Marissa,218-897-6441
2019-01-01T19:46,2019-01-01T19:55,Hua Hin,Woman,Lilyana,942-429-3084,Chiang Mai,Man,Derrick,407-882-8990
2019-01-01T20:32,2019-01-01T20:42,Hua Hin,Man,Julius,525-748-8401,Kanchanaburi,Woman,Diana,576-845-6189
2019-01-01T21:23,2019-01-01T21:30,Hua Hin,Woman,Winter,889-470-9864,Kanchanaburi,Man,Abel,478-641-8429
2019-01-01T21:35,2019-01-01T21:44,Bangkok,Man,Cullen,195-502-9079,Bangkok,Woman,Novalee,154-660-9779
2019-01-01T21:57,2019-01-01T22:07,Kanchanaburi,Woman,Millie,593-417-8680,Bangkok,Woman,Lexie,241-271-8205
2019-01-01T22:03,2019-01-01T22:04,Chiang Mai,Woman,Lyla,927-463-6547,Chiang Mai,Woman,Talia,120-503-4414
2019-01-01T22:17,2019-01-01T22:19,Bangkok,Woman,Maci,649-279-4183,Hua Hin,Man,Leonel,223-123-3458
2019-01-01T22:19,2019-01-01T22:20,Pattaya,Man,Gunnar,196-579-4984,Kanchanaburi,Man,Abel,478-641-8429
2019-01-01T22:21,2019-01-01T22:33,Chiang Mai,Man,Wesson,402-624-8962,Kanchanaburi,Man,Darian,505-556-8029
2019-01-01T22:38,2019-01-01T22:51,Kanchanaburi,Woman,Lina,448-273-3382,Hua Hin,Woman,Kendra,109-484-8898
2019-01-02T00:30,2019-01-02T00:38,Chiang Mai,Woman,Lilah,383-917-2103,Bangkok,Man,Stetson,215-721-2747
2019-01-02T00:32,2019-01-02T00:45,Bangkok,Man,Yahir,363-311-5009,Bangkok,Woman,Braylee,204-228-4156
2019-01-02T01:48,2019-01-02T01:59,Kanchanaburi,Man,Alexzander,987-646-8204,Kanchanaburi,Man,Princeton,340-588-7602
2019-01-02T02:08,2019-01-02T02:13,Hua Hin,Man,Remy,539-880-9267,Hua Hin,Man,Kayden,307-423-1190
2019-01-02T02:15,2019-01-02T02:21,Chiang Mai,Man,Eden,964-390-6334,Kanchanaburi,Man,Jimmy,414-127-7591
2019-01-02T03:08,2019-01-02T03:14,Pattaya,Woman,Brielle,614-178-8390,Pattaya,Woman,Willa,468-597-4235
2019-01-02T03:14,2019-01-02T03:24,Chiang Mai,Woman,Lyla,927-463-6547,Bangkok,Man,Bjorn,783-140-3928
2019-01-02T05:30,2019-01-02T05:31,Kanchanaburi,Man,Jefferson,884-618-5165,Chiang Mai,Man,Calvin,123-963-9704
2019-01-02T05:39,2019-01-02T05:39,Pattaya,Woman,Veda,851-886-4270,Bangkok,Man,Sylas,700-212-5164
2019-01-02T05:41,2019-01-02T05:54,Kanchanaburi,Woman,Alexandra,403-604-4373,Chiang Mai,Man,Cash,738-721-5522
2019-01-02T05:51,2019-01-02T05:56,Bangkok,Woman,Calliope,656-662-2954,Pattaya,Man,Talon,762-342-1022
2019-01-02T06:53,2019-01-02T07:01,Bangkok,Woman,Alisha,984-187-9943,Bangkok,Man,Ben,463-639-6268
2019-01-02T07:34,2019-01-02T07:38,Chiang Mai,Woman,Milani,156-756-1237,Hua Hin,Man,Simeon,550-694-9362
2019-01-02T07:57,2019-01-02T07:58,Hua Hin,Woman,Addisyn,386-833-1452,Hua Hin,Woman,Journee,951-150-9504
2019-01-02T09:25,2019-01-02T09:30,Pattaya,Woman,Lara,458-163-9369,Bangkok,Woman,Ramona,320-162-8065
2019-01-02T11:57,2019-01-02T11:57,Chiang Mai,Woman,Micah,483-524-2375,Hua Hin,Man,Cristian,268-305-7001
2019-01-02T13:23,2019-01-02T13:27,Hua Hin,Man,Kayden,307-423-1190,Kanchanaburi,Man,Gibson,118-166-5886
2019-01-02T14:00,2019-01-02T14:04,Hua Hin,Woman,Jane,656-461-5823,Kanchanaburi,Woman,Marjorie,505-747-9984
2019-01-02T14:09,2019-01-02T14:10,Bangkok,Man,Wyatt,610-864-4838,Chiang Mai,Man,Kingsley,761-817-7711
2019-01-02T14:38,2019-01-02T14:47,Hua Hin,Man,Miller,139-223-5149,Bangkok,Woman,Sunny,984-312-6177
2019-01-02T15:35,2019-01-02T15:39,Pattaya,Woman,Adilynn,658-679-8462,Chiang Mai,Woman,Hayden,366-890-5602
2019-01-02T16:47,2019-01-02T17:01,Pattaya,Man,Emmitt,431-850-9851,Hua Hin,Man,Kane,275-670-7310
2019-01-02T17:37,2019-01-02T17:46,Pattaya,Woman,Allison,409-974-3206,Chiang Mai,Man,Axl,136-493-6559
2019-01-02T18:05,2019-01-02T18:11,Hua Hin,Woman,Poppy,386-488-9360,Chiang Mai,Man,Scott,892-411-4068
2019-01-02T18:57,2019-01-02T19:06,Bangkok,Man,Rafael,107-982-8609,Pattaya,Man,Kyson,490-127-5562
2019-01-02T19:13,2019-01-02T19:22,Kanchanaburi,Woman,Ellen,122-351-4233,Hua Hin,Woman,Blakely,756-958-4651
2019-01-02T19:58,2019-01-02T20:10,Chiang Mai,Man,Emanuel,177-426-9648,Pattaya,Man,Carlos,789-194-1205
2019-01-02T21:09,2019-01-02T21:16,Pattaya,Woman,Lennon,308-653-4407,Kanchanaburi,Man,Mohammed,647-872-5013
2019-01-02T21:12,2019-01-02T21:12,Kanchanaburi,Woman,Frances,182-577-2059,Hua Hin,Woman,Hailee,168-435-8561
2019-01-02T21:28,2019-01-02T21:34,Hua Hin,Man,Ronnie,796-725-3295,Bangkok,Woman,Destiny,383-721-8206
2019-01-03T00:03,2019-01-03T00:08,Bangkok,Woman,Whitney,200-321-6380,Hua Hin,Man,Greysen,138-340-9562
2019-01-03T00:50,2019-01-03T00:55,Chiang Mai,Woman,Tenley,154-420-8841,Chiang Mai,Man,Drew,651-901-2828
2019-01-03T02:15,2019-01-03T02:28,Kanchanaburi,Man,Baylor,843-203-5215,Chiang Mai,Woman,Celeste,908-784-1410
2019-01-03T02:39,2019-01-03T02:48,Chiang Mai,Woman,Marley,801-787-2543,Hua Hin,Man,Skyler,198-186-9978
2019-01-03T03:19,2019-01-03T03:29,Bangkok,Woman,Esperanza,384-564-3496,Pattaya,Woman,Addilynn,894-829-1233
2019-01-03T04:46,2019-01-03T05:00,Bangkok,Man,Finnley,185-505-5910,Hua Hin,Woman,Kinslee,988-987-3096
2019-01-03T05:58,2019-01-03T06:10,Kanchanaburi,Woman,Dakota,154-300-9276,Hua Hin,Man,Zyaire,730-945-7604
2019-01-03T06:14,2019-01-03T06:15,Bangkok,Man,Chance,299-479-2326,Bangkok,Woman,Breanna,293-892-5668
2019-01-03T06:44,2019-01-03T06:53,Kanchanaburi,Woman,Sariah,242-706-4626,Chiang Mai,Woman,Ana,269-500-8792
2019-01-03T07:02,2019-01-03T07:03,Bangkok,Man,Ulises,955-572-7982,Hua Hin,Woman,Winter,889-470-9864
2019-01-03T08:11,2019-01-03T08:16,Pattaya,Man,Emmitt,431-850-9851,Hua Hin,Woman,Raina,558-625-6840
2019-01-03T09:19,2019-01-03T09:21,Chiang Mai,Woman,Amaya,618-667-8869,Hua Hin,Man,Randy,723-886-8868
2019-01-03T10:16,2019-01-03T10:28,Kanchanaburi,Man,Colby,127-963-1839,Bangkok,Woman,Juliet,294-764-8058
2019-01-03T10:34,2019-01-03T10:47,Hua Hin,Man,Roman,707-833-1213,Hua Hin,Man,Corey,968-168-2949
2019-01-03T10:42,2019-01-03T10:44,Bangkok,Woman,Avianna,171-480-3388,Kanchanaburi,Woman,Jayleen,136-864-1918
2019-01-03T10:45,2019-01-03T10:47,Chiang Mai,Man,Ronin,839-225-2855,Pattaya,Woman,Fatima,424-470-1005
2019-01-03T12:43,2019-01-03T12:47,Chiang Mai,Man,Zackary,754-955-9237,Kanchanaburi,Woman,Juniper,388-710-6801
2019-01-03T12:57,2019-01-03T13:02,Hua Hin,Woman,Ryann,542-197-6265,Pattaya,Man,Jacoby,112-700-9640
2019-01-03T13:06,2019-01-03T13:18,Pattaya,Woman,Kayleigh,234-347-2773,Hua Hin,Woman,Nathalie,904-998-9494
2019-01-03T13:30,2019-01-03T13:36,Chiang Mai,Man,Abram,517-889-3005,Kanchanaburi,Man,Chase,793-880-6249
2019-01-03T15:02,2019-01-03T15:09,Pattaya,Man,Marley,942-165-9871,Kanchanaburi,Woman,Aurora,300-344-4866
2019-01-03T15:05,2019-01-03T15:15,Hua Hin,Woman,Daphne,961-936-1670,Hua Hin,Man,Zayden,889-192-7376
