"OID","ODATE","ODAY","OTIME","CID","PID","QTY","UNITCOST","TOTALCOST"
"500","2021-08-30","WEDNESDAY","AFTERNOON","178","336","13","51.32","667.16"
"501","2021-08-21","SUNDAY","EVENING","164","323","2","62.59","125.18"
"502","2021-08-07","SATURDAY","MORNING","153","334","7","71.37","499.59"
"503","2021-08-09","TUESDAY","AFTERNOON","187","339","19","37.28","708.32"
"504","2021-08-06","SUNDAY","EVENING","108","326","4","33.86","135.44"
"505","2021-08-13","THURSDAY","EVENING","133","301","8","98.94","791.52"
"506","2021-08-15","WEDNESDAY","AFTERNOON","112","308","10","83.85","838.50"
"507","2021-08-10","SUNDAY","AFTERNOON","184","340","7","41.93","293.51"
"508","2021-08-13","FRIDAY","MORNING","109","342","14","100.66","1409.24"
"509","2021-08-04","SATURDAY","EVENING","192","311","23","54.88","1262.24"
"510","2021-08-03","TUESDAY","AFTERNOON","190","313","15","59.80","897.00"
"511","2021-08-18","MONDAY","EVENING","173","333","15","103.93","1558.95"
"512","2021-08-27","THURSDAY","AFTERNOON","106","335","7","62.82","439.74"
"513","2021-08-25","MONDAY","MORNING","118","328","15","16.78","251.70"
"514","2021-08-20","THURSDAY","AFTERNOON","149","337","25","8.48","212.00"
"515","2021-08-16","MONDAY","AFTERNOON","167","322","9","33.30","299.70"
"516","2021-08-09","WEDNESDAY","EVENING","137","302","23","29.48","678.04"
"517","2021-08-29","SUNDAY","EVENING","120","303","2","71.98","143.96"
"518","2021-08-04","THURSDAY","AFTERNOON","183","341","9","36.64","329.76"
"519","2021-08-08","WEDNESDAY","AFTERNOON","111","312","16","31.68","506.88"
"520","2021-08-24","FRIDAY","MORNING","161","310","15","109.33","1639.95"
"521","2021-08-17","TUESDAY","AFTERNOON","154","348","23","45.82","1053.86"
"522","2021-08-04","SATURDAY","AFTERNOON","141","318","7","97.55","682.85"
"523","2021-08-11","SUNDAY","AFTERNOON","174","344","20","102.97","2059.40"
"524","2021-08-01","THURSDAY","EVENING","159","331","10","27.63","276.30"
"525","2021-08-28","SUNDAY","AFTERNOON","189","327","10","73.55","735.50"
"526","2021-08-17","TUESDAY","MORNING","113","324","22","59.60","1311.20"
"527","2021-08-30","FRIDAY","AFTERNOON","171","330","5","66.38","331.90"
"528","2021-08-30","SUNDAY","AFTERNOON","180","321","25","88.14","2203.50"
"529","2021-08-20","FRIDAY","EVENING","194","329","10","101.16","1011.60"
"530","2021-08-17","MONDAY","EVENING","119","304","20","75.25","1505.00"
"531","2021-08-12","FRIDAY","MORNING","165","314","23","67.48","1552.04"
"532","2021-08-02","WEDNESDAY","AFTERNOON","116","320","18","102.94","1852.92"
"533","2021-08-03","TUESDAY","EVENING","151","306","22","71.87","1581.14"
"534","2021-08-17","WEDNESDAY","AFTERNOON","132","347","3","46.48","139.44"
"535","2021-08-12","SUNDAY","MORNING","146","317","24","8.89","213.36"
"536","2021-08-05","MONDAY","AFTERNOON","135","345","25","55.23","1380.75"
"537","2021-08-27","SATURDAY","MORNING","100","316","6","87.91","527.46"
"538","2021-08-20","TUESDAY","EVENING","198","315","7","102.59","718.13"
"539","2021-08-21","SATURDAY","AFTERNOON","182","332","22","4.43","97.46"
"540","2021-08-07","MONDAY","AFTERNOON","200","307","21","9.72","204.12"
"541","2021-08-10","WEDNESDAY","EVENING","114","346","24","107.23","2573.52"
"542","2021-08-13","FRIDAY","AFTERNOON","139","300","15","74.10","1111.50"
"543","2021-08-26","SUNDAY","MORNING","196","325","6","95.86","575.16"
"544","2021-08-26","SATURDAY","MORNING","166","349","19","14.61","277.59"
"545","2021-08-12","FRIDAY","AFTERNOON","130","309","20","10.67","213.40"
"546","2021-08-24","FRIDAY","EVENING","142","343","24","97.84","2348.16"
"547","2021-08-21","SUNDAY","AFTERNOON","129","305","10","22.34","223.40"
"548","2021-08-13","THURSDAY","EVENING","155","338","11","70.59","776.49"
"549","2021-08-08","SATURDAY","EVENING","147","319","8","21.63","173.04"
"550","2021-08-29","MONDAY","EVENING","186","336","24","48.32","1159.68"
"551","2021-08-05","TUESDAY","MORNING","177","323","10","72.59","725.90"
"552","2021-08-26","THURSDAY","AFTERNOON","143","334","18","67.37","1212.66"
"553","2021-08-13","WEDNESDAY","AFTERNOON","169","339","14","42.28","591.92"
"554","2021-08-14","THURSDAY","AFTERNOON","127","326","18","27.86","501.48"
"555","2021-08-12","THURSDAY","AFTERNOON","148","301","23","96.94","2229.62"
"556","2021-08-01","WEDNESDAY","AFTERNOON","157","308","8","83.85","670.80"
"557","2021-08-22","FRIDAY","EVENING","199","340","9","41.93","377.37"
"558","2021-08-18","FRIDAY","EVENING","179","342","19","100.66","1912.54"
"559","2021-08-15","WEDNESDAY","AFTERNOON","160","311","14","58.88","824.32"
"560","2021-08-07","TUESDAY","AFTERNOON","191","313","7","61.80","432.60"
"561","2021-08-08","WEDNESDAY","MORNING","193","333","1","96.93","96.93"
"562","2021-08-12","SUNDAY","EVENING","104","335","13","58.82","764.66"
"563","2021-08-29","SUNDAY","EVENING","145","328","20","15.78","315.60"
"564","2021-08-13","MONDAY","EVENING","197","337","23","10.48","241.04"
"565","2021-08-06","SATURDAY","MORNING","152","322","2","28.30","56.60"
"566","2021-08-13","SUNDAY","AFTERNOON","140","302","5","30.48","152.40"
"567","2021-08-25","THURSDAY","EVENING","170","303","12","66.98","803.76"
"568","2021-08-11","SUNDAY","MORNING","121","341","16","30.64","490.24"
"569","2021-08-15","FRIDAY","MORNING","162","312","16","29.68","474.88"
"570","2021-08-21","MONDAY","MORNING","144","310","8","102.33","818.64"
"571","2021-08-30","SATURDAY","AFTERNOON","101","348","16","45.82","733.12"
"572","2021-08-04","SATURDAY","MORNING","102","318","15","96.55","1448.25"
"573","2021-08-22","SUNDAY","AFTERNOON","156","344","25","108.97","2724.25"
"574","2021-08-24","FRIDAY","MORNING","163","331","15","26.63","399.45"
"575","2021-08-28","SATURDAY","EVENING","123","327","15","75.55","1133.25"
"576","2021-08-18","THURSDAY","MORNING","117","324","20","60.60","1212.00"
"577","2021-08-27","WEDNESDAY","MORNING","131","330","20","64.38","1287.60"
"578","2021-08-08","SUNDAY","EVENING","125","321","14","84.14","1177.96"
"579","2021-08-22","WEDNESDAY","MORNING","175","329","23","108.16","2487.68"
"580","2021-08-21","FRIDAY","EVENING","195","304","12","78.25","939.00"
"581","2021-08-11","SUNDAY","MORNING","138","314","21","60.48","1270.08"
"582","2021-08-11","SUNDAY","EVENING","172","320","18","104.94","1888.92"
"583","2021-08-25","SUNDAY","MORNING","128","306","20","71.87","1437.40"
"584","2021-08-09","WEDNESDAY","AFTERNOON","181","347","17","43.48","739.16"
"585","2021-08-17","SATURDAY","EVENING","107","317","23","5.89","135.47"
"586","2021-08-02","WEDNESDAY","MORNING","168","345","12","53.23","638.76"
"587","2021-08-23","SUNDAY","AFTERNOON","115","316","14","89.91","1258.74"
"588","2021-08-26","SATURDAY","MORNING","136","315","13","96.59","1255.67"
"589","2021-08-24","TUESDAY","AFTERNOON","134","332","18","10.43","187.74"
"590","2021-08-23","SUNDAY","EVENING","110","307","11","14.72","161.92"
"591","2021-08-09","THURSDAY","AFTERNOON","158","346","15","102.23","1533.45"
"592","2021-08-18","TUESDAY","AFTERNOON","122","300","14","75.10","1051.40"
"593","2021-08-13","WEDNESDAY","AFTERNOON","176","325","1","94.86","94.86"
"594","2021-08-15","WEDNESDAY","EVENING","105","349","6","7.61","45.66"
"595","2021-08-17","THURSDAY","MORNING","185","309","13","10.67","138.71"
"596","2021-08-30","SATURDAY","EVENING","103","343","12","95.84","1150.08"
"597","2021-08-04","WEDNESDAY","AFTERNOON","124","305","5","24.34","121.70"
"598","2021-08-16","SATURDAY","AFTERNOON","150","338","17","70.59","1200.03"
"599","2021-08-21","WEDNESDAY","MORNING","126","319","12","27.63","331.56"
"600","2021-08-03","THURSDAY","EVENING","188","336","2","47.32","94.64"
"601","2021-08-24","FRIDAY","EVENING","178","323","12","65.59","787.08"
"602","2021-08-08","SUNDAY","AFTERNOON","164","334","4","68.37","273.48"
"603","2021-08-03","SATURDAY","AFTERNOON","153","339","2","34.28","68.56"
"604","2021-08-25","WEDNESDAY","MORNING","187","326","13","27.86","362.18"
"605","2021-08-18","TUESDAY","AFTERNOON","108","301","12","96.94","1163.28"
"606","2021-08-24","MONDAY","EVENING","133","308","4","83.85","335.40"
"607","2021-08-09","WEDNESDAY","MORNING","112","340","1","40.93","40.93"
"608","2021-08-22","SUNDAY","MORNING","184","342","4","101.66","406.64"
"609","2021-08-27","SUNDAY","EVENING","109","311","17","53.88","915.96"
"610","2021-08-23","MONDAY","AFTERNOON","192","313","22","65.80","1447.60"
"611","2021-08-19","FRIDAY","EVENING","190","333","7","98.93","692.51"
"612","2021-08-13","SUNDAY","EVENING","173","335","21","59.82","1256.22"
"613","2021-08-24","MONDAY","MORNING","106","328","20","12.78","255.60"
"614","2021-08-12","FRIDAY","EVENING","118","337","22","11.48","252.56"
"615","2021-08-23","THURSDAY","MORNING","149","322","4","29.30","117.20"
"616","2021-08-27","SUNDAY","EVENING","167","302","16","34.48","551.68"
"617","2021-08-28","TUESDAY","MORNING","137","303","4","69.98","279.92"
"618","2021-08-25","MONDAY","MORNING","120","341","3","33.64","100.92"
"619","2021-08-06","SUNDAY","AFTERNOON","183","312","18","35.68","642.24"
"620","2021-08-15","WEDNESDAY","AFTERNOON","111","310","2","105.33","210.66"
"621","2021-08-01","MONDAY","MORNING","161","348","25","45.82","1145.50"
"622","2021-08-17","FRIDAY","AFTERNOON","154","318","4","96.55","386.20"
"623","2021-08-11","TUESDAY","EVENING","141","344","23","109.97","2529.31"
"624","2021-08-26","SUNDAY","MORNING","174","331","24","24.63","591.12"
"625","2021-08-19","SUNDAY","AFTERNOON","159","327","22","74.55","1640.10"
"626","2021-08-21","THURSDAY","MORNING","189","324","3","61.60","184.80"
"627","2021-08-11","TUESDAY","MORNING","113","330","22","65.38","1438.36"
"628","2021-08-30","MONDAY","EVENING","171","321","23","93.14","2142.22"
"629","2021-08-25","MONDAY","AFTERNOON","180","329","20","109.16","2183.20"
"630","2021-08-20","FRIDAY","AFTERNOON","194","304","19","75.25","1429.75"
"631","2021-08-14","TUESDAY","AFTERNOON","119","314","16","69.48","1111.68"
"632","2021-08-30","WEDNESDAY","MORNING","165","320","21","96.94","2035.74"
"633","2021-08-17","MONDAY","AFTERNOON","116","306","4","68.87","275.48"
"634","2021-08-29","SUNDAY","MORNING","151","347","21","49.48","1039.08"
"635","2021-08-05","MONDAY","EVENING","132","317","24","14.89","357.36"
"636","2021-08-11","TUESDAY","AFTERNOON","146","345","1","52.23","52.23"
"637","2021-08-24","MONDAY","AFTERNOON","135","316","2","94.91","189.82"
"638","2021-08-20","SATURDAY","AFTERNOON","100","315","24","99.59","2390.16"
"639","2021-08-30","FRIDAY","EVENING","198","332","17","3.43","58.31"
"640","2021-08-15","TUESDAY","AFTERNOON","182","307","2","13.72","27.44"
"641","2021-08-13","THURSDAY","MORNING","200","346","1","103.23","103.23"
"642","2021-08-01","SATURDAY","AFTERNOON","114","300","2","77.10","154.20"
"643","2021-08-15","MONDAY","MORNING","139","325","18","97.86","1761.48"
"644","2021-08-04","FRIDAY","AFTERNOON","196","349","24","9.61","230.64"
"645","2021-08-22","MONDAY","MORNING","166","309","8","9.67","77.36"
"646","2021-08-17","THURSDAY","AFTERNOON","130","343","20","89.84","1796.80"
"647","2021-08-22","WEDNESDAY","AFTERNOON","142","305","24","23.34","560.16"
"648","2021-08-12","TUESDAY","EVENING","129","338","23","75.59","1738.57"
"649","2021-08-07","SUNDAY","MORNING","155","319","17","26.63","452.71"
"650","2021-08-25","FRIDAY","AFTERNOON","147","336","9","55.32","497.88"
"651","2021-08-20","MONDAY","MORNING","186","323","7","63.59","445.13"
"652","2021-08-03","WEDNESDAY","EVENING","177","334","22","73.37","1614.14"
"653","2021-08-23","SUNDAY","MORNING","143","339","14","38.28","535.92"
"654","2021-08-26","TUESDAY","AFTERNOON","169","326","18","35.86","645.48"
"655","2021-08-21","FRIDAY","AFTERNOON","127","301","23","96.94","2229.62"
"656","2021-08-29","SATURDAY","MORNING","148","308","17","78.85","1340.45"
"657","2021-08-15","SATURDAY","MORNING","157","340","7","41.93","293.51"
"658","2021-08-03","WEDNESDAY","AFTERNOON","199","342","21","103.66","2176.86"
"659","2021-08-22","SUNDAY","EVENING","179","311","8","58.88","471.04"
"660","2021-08-27","THURSDAY","EVENING","160","313","18","64.80","1166.40"
"661","2021-08-01","MONDAY","MORNING","191","333","1","99.93","99.93"
"662","2021-08-11","SUNDAY","MORNING","193","335","20","59.82","1196.40"
"663","2021-08-01","WEDNESDAY","MORNING","104","328","1","7.78","7.78"
"664","2021-08-26","THURSDAY","AFTERNOON","145","337","7","10.48","73.36"
"665","2021-08-23","SATURDAY","AFTERNOON","197","322","21","24.30","510.30"
"666","2021-08-06","TUESDAY","MORNING","152","302","9","31.48","283.32"
"667","2021-08-22","SUNDAY","AFTERNOON","140","303","12","70.98","851.76"
"668","2021-08-16","TUESDAY","AFTERNOON","170","341","11","28.64","315.04"
"669","2021-08-03","WEDNESDAY","EVENING","121","312","3","30.68","92.04"
"670","2021-08-17","TUESDAY","MORNING","162","310","2","109.33","218.66"
"671","2021-08-25","FRIDAY","MORNING","144","348","2","41.82","83.64"
"672","2021-08-02","SUNDAY","MORNING","101","318","4","91.55","366.20"
"673","2021-08-28","MONDAY","EVENING","102","344","13","108.97","1416.61"
"674","2021-08-02","SUNDAY","AFTERNOON","156","331","21","30.63","643.23"
"675","2021-08-09","FRIDAY","EVENING","163","327","18","82.55","1485.90"
"676","2021-08-23","MONDAY","AFTERNOON","123","324","25","59.60","1490.00"
"677","2021-08-25","WEDNESDAY","MORNING","117","330","4","60.38","241.52"
"678","2021-08-25","MONDAY","AFTERNOON","131","321","8","83.14","665.12"
"679","2021-08-30","SUNDAY","EVENING","125","329","21","100.16","2103.36"
"680","2021-08-09","WEDNESDAY","MORNING","175","304","1","69.25","69.25"
"681","2021-08-22","WEDNESDAY","AFTERNOON","195","314","11","68.48","753.28"
"682","2021-08-19","MONDAY","EVENING","138","320","14","103.94","1455.16"
"683","2021-08-11","MONDAY","MORNING","172","306","13","73.87","960.31"
"684","2021-08-17","SUNDAY","AFTERNOON","128","347","9","47.48","427.32"
"685","2021-08-01","TUESDAY","AFTERNOON","181","317","2","7.89","15.78"
"686","2021-08-11","FRIDAY","EVENING","107","345","16","61.23","979.68"
"687","2021-08-25","TUESDAY","EVENING","168","316","22","88.91","1956.02"
"688","2021-08-24","WEDNESDAY","MORNING","115","315","19","102.59","1949.21"
"689","2021-08-28","FRIDAY","MORNING","136","332","8","11.43","91.44"
"690","2021-08-10","SUNDAY","MORNING","134","307","10","11.72","117.20"
"691","2021-08-11","SUNDAY","AFTERNOON","110","346","19","101.23","1923.37"
"692","2021-08-24","MONDAY","EVENING","158","300","9","73.10","657.90"
"693","2021-08-24","SATURDAY","EVENING","122","325","13","99.86","1298.18"
"694","2021-08-16","SUNDAY","EVENING","176","349","8","11.61","92.88"
"695","2021-08-20","MONDAY","AFTERNOON","105","309","20","7.67","153.40"
"696","2021-08-30","SUNDAY","AFTERNOON","185","343","13","98.84","1284.92"
"697","2021-08-26","WEDNESDAY","AFTERNOON","103","305","2","26.34","52.68"
"698","2021-08-17","WEDNESDAY","EVENING","124","338","24","73.59","1766.16"
"699","2021-08-19","WEDNESDAY","MORNING","150","319","9","27.63","248.67"
"700","2021-08-12","THURSDAY","EVENING","126","336","23","52.32","1203.36"
"701","2021-08-30","FRIDAY","AFTERNOON","188","323","13","72.59","943.67"
"702","2021-08-20","MONDAY","MORNING","178","334","16","73.37","1173.92"
"703","2021-08-08","SUNDAY","EVENING","164","339","25","37.28","932.00"
"704","2021-08-08","MONDAY","MORNING","153","326","17","35.86","609.62"
"705","2021-08-02","TUESDAY","MORNING","187","301","2","97.94","195.88"
"706","2021-08-12","TUESDAY","MORNING","108","308","1","82.85","82.85"
"707","2021-08-29","FRIDAY","MORNING","133","340","8","36.93","295.44"
"708","2021-08-28","SUNDAY","MORNING","112","342","11","100.66","1107.26"
"709","2021-08-12","FRIDAY","AFTERNOON","184","311","15","59.88","898.20"
"710","2021-08-14","MONDAY","MORNING","109","313","6","64.80","388.80"
"711","2021-08-15","WEDNESDAY","AFTERNOON","192","333","18","98.93","1780.74"
"712","2021-08-11","SATURDAY","EVENING","190","335","13","61.82","803.66"
"713","2021-08-25","MONDAY","AFTERNOON","173","328","15","12.78","191.70"
"714","2021-08-09","WEDNESDAY","AFTERNOON","106","337","3","14.48","43.44"
"715","2021-08-28","FRIDAY","MORNING","118","322","5","25.30","126.50"
"716","2021-08-02","WEDNESDAY","EVENING","149","302","11","34.48","379.28"
"717","2021-08-03","TUESDAY","EVENING","167","303","22","68.98","1517.56"
"718","2021-08-22","MONDAY","MORNING","137","341","13","34.64","450.32"
"719","2021-08-05","FRIDAY","EVENING","120","312","18","25.68","462.24"
"720","2021-08-14","SATURDAY","AFTERNOON","183","310","21","106.33","2232.93"
"721","2021-08-02","SUNDAY","MORNING","111","348","24","47.82","1147.68"
"722","2021-08-22","WEDNESDAY","MORNING","161","318","5","88.55","442.75"
"723","2021-08-26","SATURDAY","AFTERNOON","154","344","24","101.97","2447.28"
"724","2021-08-01","WEDNESDAY","EVENING","141","331","7","28.63","200.41"
"725","2021-08-20","FRIDAY","AFTERNOON","174","327","23","77.55","1783.65"
"726","2021-08-20","THURSDAY","EVENING","159","324","25","59.60","1490.00"
"727","2021-08-04","TUESDAY","EVENING","189","330","15","64.38","965.70"
"728","2021-08-03","SUNDAY","EVENING","113","321","10","88.14","881.40"
"729","2021-08-01","MONDAY","MORNING","171","329","16","101.16","1618.56"
"730","2021-08-06","SUNDAY","MORNING","180","304","11","74.25","816.75"
"731","2021-08-02","MONDAY","AFTERNOON","194","314","19","66.48","1263.12"
"732","2021-08-13","TUESDAY","MORNING","119","320","11","98.94","1088.34"
"733","2021-08-08","FRIDAY","EVENING","165","306","2","73.87","147.74"
"734","2021-08-17","SATURDAY","AFTERNOON","116","347","22","48.48","1066.56"
"735","2021-08-02","FRIDAY","AFTERNOON","151","317","19","5.89","111.91"
"736","2021-08-10","FRIDAY","MORNING","132","345","2","56.23","112.46"
"737","2021-08-26","SATURDAY","AFTERNOON","146","316","15","88.91","1333.65"
"738","2021-08-19","TUESDAY","MORNING","135","315","12","101.59","1219.08"
"739","2021-08-21","TUESDAY","EVENING","100","332","1","10.43","10.43"
"740","2021-08-21","MONDAY","AFTERNOON","198","307","22","16.72","367.84"
"741","2021-08-09","TUESDAY","AFTERNOON","182","346","16","107.23","1715.68"
"742","2021-08-06","FRIDAY","EVENING","200","300","15","76.10","1141.50"
"743","2021-08-24","THURSDAY","AFTERNOON","114","325","12","90.86","1090.32"
"744","2021-08-14","THURSDAY","AFTERNOON","139","349","13","12.61","163.93"
"745","2021-08-19","THURSDAY","MORNING","196","309","2","10.67","21.34"
"746","2021-08-22","TUESDAY","EVENING","166","343","8","98.84","790.72"
"747","2021-08-17","WEDNESDAY","EVENING","130","305","23","21.34","490.82"
"748","2021-08-02","WEDNESDAY","EVENING","142","338","4","67.59","270.36"
"749","2021-08-04","SUNDAY","MORNING","129","319","11","20.63","226.93"
"750","2021-08-06","MONDAY","AFTERNOON","155","336","19","50.32","956.08"
"751","2021-08-06","WEDNESDAY","MORNING","147","323","24","66.59","1598.16"
"752","2021-08-01","MONDAY","EVENING","186","334","10","72.37","723.70"
"753","2021-08-13","TUESDAY","AFTERNOON","177","339","9","36.28","326.52"
"754","2021-08-02","THURSDAY","AFTERNOON","143","326","2","36.86","73.72"
"755","2021-08-13","WEDNESDAY","MORNING","169","301","18","93.94","1690.92"
"756","2021-08-22","SUNDAY","AFTERNOON","127","308","1","81.85","81.85"
"757","2021-08-04","TUESDAY","AFTERNOON","148","340","5","40.93","204.65"
"758","2021-08-12","THURSDAY","AFTERNOON","157","342","3","103.66","310.98"
"759","2021-08-03","FRIDAY","AFTERNOON","199","311","13","60.88","791.44"
"760","2021-08-25","WEDNESDAY","MORNING","179","313","5","61.80","309.00"
"761","2021-08-26","THURSDAY","AFTERNOON","160","333","24","104.93","2518.32"
"762","2021-08-04","MONDAY","EVENING","191","335","14","60.82","851.48"
"763","2021-08-24","MONDAY","MORNING","193","328","12","7.78","93.36"
"764","2021-08-28","WEDNESDAY","AFTERNOON","104","337","4","8.48","33.92"
"765","2021-08-10","FRIDAY","EVENING","145","322","19","30.30","575.70"
"766","2021-08-13","WEDNESDAY","MORNING","197","302","5","31.48","157.40"
"767","2021-08-09","SATURDAY","MORNING","152","303","5","67.98","339.90"
"768","2021-08-26","FRIDAY","AFTERNOON","140","341","19","34.64","658.16"
"769","2021-08-20","SUNDAY","MORNING","170","312","18","34.68","624.24"
"770","2021-08-19","SATURDAY","MORNING","121","310","21","104.33","2190.93"
"771","2021-08-09","WEDNESDAY","AFTERNOON","162","348","3","46.82","140.46"
"772","2021-08-06","THURSDAY","AFTERNOON","144","318","16","92.55","1480.80"
"773","2021-08-19","MONDAY","AFTERNOON","101","344","24","101.97","2447.28"
"774","2021-08-07","SUNDAY","AFTERNOON","102","331","24","26.63","639.12"
"775","2021-08-14","THURSDAY","AFTERNOON","156","327","13","78.55","1021.15"
"776","2021-08-06","SATURDAY","MORNING","163","324","9","64.60","581.40"
"777","2021-08-17","THURSDAY","MORNING","123","330","20","59.38","1187.60"
"778","2021-08-17","WEDNESDAY","EVENING","117","321","4","83.14","332.56"
"779","2021-08-10","SATURDAY","EVENING","131","329","7","100.16","701.12"
"780","2021-08-30","FRIDAY","AFTERNOON","125","304","25","68.25","1706.25"
"781","2021-08-04","FRIDAY","AFTERNOON","175","314","20","61.48","1229.60"
"782","2021-08-02","MONDAY","AFTERNOON","195","320","10","106.94","1069.40"
"783","2021-08-27","SUNDAY","AFTERNOON","138","306","7","77.87","545.09"
"784","2021-08-24","THURSDAY","EVENING","172","347","23","47.48","1092.04"
"785","2021-08-29","WEDNESDAY","EVENING","128","317","15","14.89","223.35"
"786","2021-08-10","SATURDAY","MORNING","181","345","23","54.23","1247.29"
"787","2021-08-22","FRIDAY","AFTERNOON","107","316","23","89.91","2067.93"
"788","2021-08-02","SATURDAY","AFTERNOON","168","315","3","103.59","310.77"
"789","2021-08-23","SATURDAY","EVENING","115","332","5","9.43","47.15"
"790","2021-08-06","SUNDAY","AFTERNOON","136","307","11","14.72","161.92"
"791","2021-08-04","SATURDAY","AFTERNOON","134","346","3","106.23","318.69"
"792","2021-08-04","TUESDAY","EVENING","110","300","16","72.10","1153.60"
"793","2021-08-26","MONDAY","AFTERNOON","158","325","16","94.86","1517.76"
"794","2021-08-16","MONDAY","EVENING","122","349","25","14.61","365.25"
"795","2021-08-14","THURSDAY","AFTERNOON","176","309","19","7.67","145.73"
"796","2021-08-17","WEDNESDAY","MORNING","105","343","9","96.84","871.56"
"797","2021-08-28","FRIDAY","AFTERNOON","185","305","9","22.34","201.06"
"798","2021-08-21","WEDNESDAY","AFTERNOON","103","338","16","77.59","1241.44"
"799","2021-08-05","SATURDAY","EVENING","124","319","10","26.63","266.30"
"800","2021-08-25","WEDNESDAY","MORNING","150","336","13","45.32","589.16"
"801","2021-08-23","FRIDAY","AFTERNOON","126","323","1","72.59","72.59"
"802","2021-08-15","FRIDAY","AFTERNOON","188","334","6","72.37","434.22"
"803","2021-08-05","SUNDAY","MORNING","178","339","9","37.28","335.52"
"804","2021-08-16","THURSDAY","EVENING","164","326","17","27.86","473.62"
"805","2021-08-01","WEDNESDAY","AFTERNOON","153","301","7","97.94","685.58"
"806","2021-08-17","SATURDAY","EVENING","187","308","15","80.85","1212.75"
"807","2021-08-01","THURSDAY","EVENING","108","340","25","45.93","1148.25"
"808","2021-08-09","THURSDAY","EVENING","133","342","5","110.66","553.30"
"809","2021-08-20","WEDNESDAY","MORNING","112","311","15","56.88","853.20"
"810","2021-08-07","SUNDAY","MORNING","184","313","7","62.80","439.60"
"811","2021-08-08","THURSDAY","MORNING","109","333","25","95.93","2398.25"
"812","2021-08-24","MONDAY","EVENING","192","335","21","52.82","1109.22"
"813","2021-08-03","MONDAY","MORNING","190","328","1","10.78","10.78"
"814","2021-08-16","SATURDAY","MORNING","173","337","1","11.48","11.48"
"815","2021-08-27","WEDNESDAY","AFTERNOON","106","322","16","26.30","420.80"
"816","2021-08-21","MONDAY","AFTERNOON","118","302","15","37.48","562.20"
"817","2021-08-26","MONDAY","AFTERNOON","149","303","3","66.98","200.94"
"818","2021-08-27","MONDAY","AFTERNOON","167","341","23","32.64","750.72"
"819","2021-08-20","SUNDAY","EVENING","137","312","22","30.68","674.96"
"820","2021-08-27","FRIDAY","MORNING","120","310","1","107.33","107.33"
"821","2021-08-12","SUNDAY","MORNING","183","348","1","41.82","41.82"
"822","2021-08-23","FRIDAY","EVENING","111","318","12","91.55","1098.60"
"823","2021-08-24","FRIDAY","EVENING","161","344","22","106.97","2353.34"
"824","2021-08-24","WEDNESDAY","AFTERNOON","154","331","17","27.63","469.71"
"825","2021-08-15","MONDAY","MORNING","141","327","1","82.55","82.55"
"826","2021-08-24","WEDNESDAY","MORNING","174","324","13","61.60","800.80"
"827","2021-08-30","TUESDAY","EVENING","159","330","17","61.38","1043.46"
"828","2021-08-04","MONDAY","AFTERNOON","189","321","20","86.14","1722.80"
"829","2021-08-05","SATURDAY","EVENING","113","329","13","102.16","1328.08"
"830","2021-08-24","MONDAY","MORNING","171","304","13","75.25","978.25"
"831","2021-08-07","SUNDAY","EVENING","180","314","24","69.48","1667.52"
"832","2021-08-26","FRIDAY","MORNING","194","320","18","100.94","1816.92"
"833","2021-08-13","THURSDAY","AFTERNOON","119","306","14","73.87","1034.18"
"834","2021-08-05","TUESDAY","AFTERNOON","165","347","17","49.48","841.16"
"835","2021-08-05","SATURDAY","EVENING","116","317","13","5.89","76.57"
"836","2021-08-28","THURSDAY","EVENING","151","345","4","54.23","216.92"
"837","2021-08-11","SUNDAY","AFTERNOON","132","316","24","91.91","2205.84"
"838","2021-08-16","SATURDAY","EVENING","146","315","1","97.59","97.59"
"839","2021-08-23","FRIDAY","EVENING","135","332","23","5.43","124.89"
"840","2021-08-04","WEDNESDAY","MORNING","100","307","6","18.72","112.32"
"841","2021-08-30","TUESDAY","EVENING","198","346","13","104.23","1354.99"
"842","2021-08-22","FRIDAY","MORNING","182","300","9","74.10","666.90"
"843","2021-08-30","SATURDAY","MORNING","200","325","24","91.86","2204.64"
"844","2021-08-30","SATURDAY","AFTERNOON","114","349","25","4.61","115.25"
"845","2021-08-04","WEDNESDAY","MORNING","139","309","15","10.67","160.05"
"846","2021-08-20","SATURDAY","MORNING","196","343","2","91.84","183.68"
"847","2021-08-30","SUNDAY","EVENING","166","305","7","21.34","149.38"
"848","2021-08-21","TUESDAY","MORNING","130","338","1","73.59","73.59"
"849","2021-08-05","TUESDAY","AFTERNOON","142","319","16","30.63","490.08"
"850","2021-08-26","WEDNESDAY","AFTERNOON","129","336","5","45.32","226.60"
"851","2021-08-04","SATURDAY","MORNING","155","323","24","67.59","1622.16"
"852","2021-08-24","MONDAY","EVENING","147","334","25","65.37","1634.25"
"853","2021-08-02","FRIDAY","MORNING","186","339","19","34.28","651.32"
"854","2021-08-30","SUNDAY","EVENING","177","326","4","33.86","135.44"
"855","2021-08-15","SATURDAY","MORNING","143","301","23","94.94","2183.62"
"856","2021-08-17","SUNDAY","EVENING","169","308","6","76.85","461.10"
"857","2021-08-18","SUNDAY","AFTERNOON","127","340","10","41.93","419.30"
"858","2021-08-20","SUNDAY","MORNING","148","342","4","107.66","430.64"
"859","2021-08-10","WEDNESDAY","AFTERNOON","157","311","18","51.88","933.84"
"860","2021-08-01","SUNDAY","EVENING","199","313","11","58.80","646.80"
"861","2021-08-19","MONDAY","EVENING","179","333","21","99.93","2098.53"
"862","2021-08-14","MONDAY","AFTERNOON","160","335","18","53.82","968.76"
"863","2021-08-20","MONDAY","MORNING","191","328","6","9.78","58.68"
"864","2021-08-06","WEDNESDAY","AFTERNOON","193","337","24","7.48","179.52"
"865","2021-08-18","WEDNESDAY","MORNING","104","322","13","25.30","328.90"
"866","2021-08-13","SUNDAY","AFTERNOON","145","302","14","31.48","440.72"
"867","2021-08-12","THURSDAY","EVENING","197","303","9","75.98","683.82"
"868","2021-08-12","TUESDAY","EVENING","152","341","3","36.64","109.92"
"869","2021-08-27","SATURDAY","EVENING","140","312","25","30.68","767.00"
"870","2021-08-12","FRIDAY","EVENING","170","310","24","102.33","2455.92"
"871","2021-08-19","SUNDAY","EVENING","121","348","7","43.82","306.74"
"872","2021-08-12","TUESDAY","MORNING","162","318","19","98.55","1872.45"
"873","2021-08-17","WEDNESDAY","MORNING","144","344","21","99.97","2099.37"
"874","2021-08-03","WEDNESDAY","AFTERNOON","101","331","16","20.63","330.08"
"875","2021-08-11","MONDAY","MORNING","102","327","6","83.55","501.30"
"876","2021-08-26","SUNDAY","AFTERNOON","156","324","7","65.60","459.20"
"877","2021-08-08","WEDNESDAY","MORNING","163","330","21","60.38","1267.98"
"878","2021-08-17","SUNDAY","MORNING","123","321","8","84.14","673.12"
"879","2021-08-19","SATURDAY","EVENING","117","329","25","109.16","2729.00"
"880","2021-08-23","FRIDAY","MORNING","131","304","11","76.25","838.75"
"881","2021-08-02","FRIDAY","EVENING","125","314","19","60.48","1149.12"
"882","2021-08-23","SATURDAY","EVENING","175","320","1","105.94","105.94"
"883","2021-08-03","THURSDAY","AFTERNOON","195","306","18","70.87","1275.66"
"884","2021-08-23","MONDAY","AFTERNOON","138","347","2","52.48","104.96"
"885","2021-08-10","FRIDAY","EVENING","172","317","23","7.89","181.47"
"886","2021-08-09","THURSDAY","EVENING","128","345","23","57.23","1316.29"
"887","2021-08-27","WEDNESDAY","EVENING","181","316","3","91.91","275.73"
"888","2021-08-17","SATURDAY","AFTERNOON","107","315","1","100.59","100.59"
"889","2021-08-11","WEDNESDAY","AFTERNOON","168","332","17","9.43","160.31"
"890","2021-08-29","TUESDAY","EVENING","115","307","1","12.72","12.72"
"891","2021-08-30","SATURDAY","AFTERNOON","136","346","14","98.23","1375.22"
"892","2021-08-11","THURSDAY","AFTERNOON","134","300","3","73.10","219.30"
"893","2021-08-12","SUNDAY","AFTERNOON","110","325","19","89.86","1707.34"
"894","2021-08-09","SUNDAY","MORNING","158","349","18","7.61","136.98"
"895","2021-08-26","WEDNESDAY","AFTERNOON","122","309","18","13.67","246.06"
"896","2021-08-28","WEDNESDAY","AFTERNOON","176","343","13","90.84","1180.92"
"897","2021-08-20","TUESDAY","MORNING","105","305","10","21.34","213.40"
"898","2021-08-08","THURSDAY","AFTERNOON","185","338","8","67.59","540.72"
"899","2021-08-01","SUNDAY","MORNING","103","319","16","27.63","442.08"
"900","2021-08-06","WEDNESDAY","EVENING","124","336","10","45.32","453.20"
"901","2021-08-24","FRIDAY","MORNING","150","323","16","66.59","1065.44"
"902","2021-08-28","SATURDAY","AFTERNOON","126","334","22","65.37","1438.14"
"903","2021-08-30","MONDAY","AFTERNOON","188","339","18","35.28","635.04"
"904","2021-08-24","THURSDAY","EVENING","178","326","11","28.86","317.46"
"905","2021-08-22","MONDAY","EVENING","164","301","15","94.94","1424.10"
"906","2021-08-20","SUNDAY","MORNING","153","308","12","76.85","922.20"
"907","2021-08-21","THURSDAY","MORNING","187","340","24","42.93","1030.32"
"908","2021-08-07","FRIDAY","MORNING","108","342","4","104.66","418.64"
"909","2021-08-02","MONDAY","AFTERNOON","133","311","15","59.88","898.20"
"910","2021-08-16","MONDAY","EVENING","112","313","9","66.80","601.20"
"911","2021-08-15","TUESDAY","EVENING","184","333","12","103.93","1247.16"
"912","2021-08-19","SUNDAY","AFTERNOON","109","335","25","62.82","1570.50"
"913","2021-08-19","THURSDAY","EVENING","192","328","8","8.78","70.24"
"914","2021-08-03","THURSDAY","AFTERNOON","190","337","1","5.48","5.48"
"915","2021-08-14","SUNDAY","MORNING","173","322","24","33.30","799.20"
"916","2021-08-26","FRIDAY","AFTERNOON","106","302","13","35.48","461.24"
"917","2021-08-09","SUNDAY","EVENING","118","303","2","65.98","131.96"
"918","2021-08-09","SATURDAY","EVENING","149","341","1","30.64","30.64"
"919","2021-08-08","WEDNESDAY","AFTERNOON","167","312","6","26.68","160.08"
"920","2021-08-29","THURSDAY","AFTERNOON","137","310","21","109.33","2295.93"
"921","2021-08-03","WEDNESDAY","AFTERNOON","120","348","24","46.82","1123.68"
"922","2021-08-01","MONDAY","AFTERNOON","183","318","18","95.55","1719.90"
"923","2021-08-03","SUNDAY","MORNING","111","344","19","109.97","2089.43"
"924","2021-08-06","SATURDAY","AFTERNOON","161","331","1","27.63","27.63"
"925","2021-08-26","SATURDAY","EVENING","154","327","23","77.55","1783.65"
"926","2021-08-18","SUNDAY","AFTERNOON","141","324","14","60.60","848.40"
"927","2021-08-14","TUESDAY","AFTERNOON","174","330","24","66.38","1593.12"
"928","2021-08-10","WEDNESDAY","AFTERNOON","159","321","6","83.14","498.84"
"929","2021-08-27","SUNDAY","AFTERNOON","189","329","24","106.16","2547.84"
"930","2021-08-28","SATURDAY","MORNING","113","304","1","68.25","68.25"
"931","2021-08-02","FRIDAY","MORNING","171","314","19","65.48","1244.12"
"932","2021-08-25","SATURDAY","AFTERNOON","180","320","25","100.94","2523.50"
"933","2021-08-04","WEDNESDAY","MORNING","194","306","7","68.87","482.09"
"934","2021-08-06","SUNDAY","AFTERNOON","119","347","17","47.48","807.16"
"935","2021-08-18","SATURDAY","EVENING","165","317","11","9.89","108.79"
"936","2021-08-21","MONDAY","MORNING","116","345","14","59.23","829.22"
"937","2021-08-25","WEDNESDAY","AFTERNOON","151","316","25","92.91","2322.75"
"938","2021-08-26","SATURDAY","EVENING","132","315","7","103.59","725.13"
"939","2021-08-25","FRIDAY","EVENING","146","332","1","5.43","5.43"
"940","2021-08-09","MONDAY","MORNING","135","307","10","16.72","167.20"
"941","2021-08-12","MONDAY","MORNING","100","346","21","103.23","2167.83"
"942","2021-08-24","FRIDAY","AFTERNOON","198","300","25","67.10","1677.50"
"943","2021-08-28","WEDNESDAY","EVENING","182","325","19","94.86","1802.34"
"944","2021-08-23","THURSDAY","EVENING","200","349","10","13.61","136.10"
"945","2021-08-13","FRIDAY","AFTERNOON","114","309","1","9.67","9.67"
"946","2021-08-20","SUNDAY","MORNING","139","343","2","98.84","197.68"
"947","2021-08-21","SUNDAY","EVENING","196","305","20","20.34","406.80"
"948","2021-08-09","FRIDAY","MORNING","166","338","11","69.59","765.49"
"949","2021-08-05","THURSDAY","AFTERNOON","130","319","4","30.63","122.52"
"950","2021-08-11","SUNDAY","AFTERNOON","142","336","17","50.32","855.44"
"951","2021-08-24","SATURDAY","AFTERNOON","129","323","4","66.59","266.36"
"952","2021-08-13","WEDNESDAY","MORNING","155","334","12","70.37","844.44"
"953","2021-08-28","SUNDAY","MORNING","147","339","7","33.28","232.96"
"954","2021-08-15","SATURDAY","EVENING","186","326","12","29.86","358.32"
"955","2021-08-22","THURSDAY","EVENING","177","301","11","98.94","1088.34"
"956","2021-08-29","THURSDAY","EVENING","143","308","11","86.85","955.35"
"957","2021-08-28","WEDNESDAY","EVENING","169","340","22","39.93","878.46"
"958","2021-08-16","SATURDAY","MORNING","127","342","7","110.66","774.62"
"959","2021-08-26","FRIDAY","AFTERNOON","148","311","16","54.88","878.08"
"960","2021-08-27","TUESDAY","AFTERNOON","157","313","25","62.80","1570.00"
"961","2021-08-14","THURSDAY","EVENING","199","333","17","97.93","1664.81"
"962","2021-08-29","FRIDAY","EVENING","179","335","24","59.82","1435.68"
"963","2021-08-07","THURSDAY","MORNING","160","328","6","14.78","88.68"
"964","2021-08-18","SUNDAY","EVENING","191","337","4","11.48","45.92"
"965","2021-08-30","THURSDAY","EVENING","193","322","6","24.30","145.80"
"966","2021-08-03","SATURDAY","MORNING","104","302","16","36.48","583.68"
"967","2021-08-01","WEDNESDAY","AFTERNOON","145","303","12","69.98","839.76"
"968","2021-08-16","SUNDAY","MORNING","197","341","22","35.64","784.08"
"969","2021-08-11","MONDAY","EVENING","152","312","13","30.68","398.84"
"970","2021-08-02","MONDAY","AFTERNOON","140","310","2","106.33","212.66"
"971","2021-08-04","SATURDAY","MORNING","170","348","25","45.82","1145.50"
"972","2021-08-20","TUESDAY","EVENING","121","318","2","97.55","195.10"
"973","2021-08-30","MONDAY","MORNING","162","344","9","106.97","962.73"
"974","2021-08-28","THURSDAY","MORNING","144","331","24","24.63","591.12"
"975","2021-08-23","MONDAY","MORNING","101","327","7","83.55","584.85"
"976","2021-08-11","FRIDAY","MORNING","102","324","21","58.60","1230.60"
"977","2021-08-12","TUESDAY","MORNING","156","330","18","60.38","1086.84"
"978","2021-08-16","SUNDAY","AFTERNOON","163","321","15","92.14","1382.10"
"979","2021-08-05","TUESDAY","MORNING","123","329","2","107.16","214.32"
"980","2021-08-20","MONDAY","EVENING","117","304","24","71.25","1710.00"
"981","2021-08-17","MONDAY","EVENING","131","314","12","70.48","845.76"
"982","2021-08-11","SUNDAY","AFTERNOON","125","320","15","103.94","1559.10"
"983","2021-08-16","THURSDAY","MORNING","175","306","5","69.87","349.35"
"984","2021-08-23","SUNDAY","AFTERNOON","195","347","7","43.48","304.36"
"985","2021-08-27","SATURDAY","EVENING","138","317","9","13.89","125.01"
"986","2021-08-01","MONDAY","EVENING","172","345","19","55.23","1049.37"
"987","2021-08-18","FRIDAY","AFTERNOON","128","316","25","92.91","2322.75"
"988","2021-08-30","FRIDAY","MORNING","181","315","18","100.59","1810.62"
"989","2021-08-12","MONDAY","MORNING","107","332","21","3.43","72.03"
"990","2021-08-17","TUESDAY","MORNING","168","307","6","12.72","76.32"
"991","2021-08-06","THURSDAY","AFTERNOON","115","346","2","99.23","198.46"
"992","2021-08-12","SUNDAY","EVENING","136","300","15","73.10","1096.50"
"993","2021-08-24","THURSDAY","EVENING","134","325","21","93.86","1971.06"
"994","2021-08-26","SATURDAY","MORNING","110","349","4","7.61","30.44"
"995","2021-08-01","SUNDAY","AFTERNOON","158","309","25","13.67","341.75"
"996","2021-08-23","THURSDAY","EVENING","122","343","16","89.84","1437.44"
"997","2021-08-11","THURSDAY","MORNING","176","305","2","24.34","48.68"
"998","2021-08-24","WEDNESDAY","AFTERNOON","105","338","6","69.59","417.54"
"999","2021-08-10","WEDNESDAY","EVENING","185","319","17","26.63","452.71"
